AC Name,AC No.,Type,District,Winning Candidate,Party,Total Electors,Total Votes,Poll%,Margin,Margin %
Gummidipoondi,1,GEN,Thiruvallur,GOVINDARAJAN T.J,Dravida Munetra Kazhagam,281688,222069,78.84 %,50938,22.9%
Ponneri,2,SC,Thiruvallur,DURAI. CHANDRASEKAR,Indian National Congress,267368,210354,78.68 %,9689,4.6%
Tiruttani,3,GEN,Thiruvallur,S.Chandran,Dravida Munetra Kazhagam,291336,232624,79.85 %,29253,12.6%
Thiruvallur,4,GEN,Thiruvallur,"RAAJENDRAN, V.G.",Dravida Munetra Kazhagam,274982,214243,77.91 %,22701,10.6%
Poonamallee,5,SC,Thiruvallur,Krishnaswamy A,Dravida Munetra Kazhagam,358218,263736,73.62 %,94110,35.7%
Avadi,6,GEN,Thiruvallur,Nasar S M,Dravida Munetra Kazhagam,442831,300927,67.96 %,55275,18.4%
Maduravoyal,7,GEN,Thiruvallur,GANAPATHY.K,Dravida Munetra Kazhagam,452195,273870,60.56 %,31721,11.6%
Ambattur,8,GEN,Thiruvallur,JOSEPH SAMUEL,Dravida Munetra Kazhagam,384377,240299,62.52 %,42146,17.5%
Madavaram,9,GEN,Thiruvallur,SUDHARSANAM. S,Dravida Munetra Kazhagam,454474,302700,66.6 %,57071,18.9%
Thiruvottiyur,10,GEN,Thiruvallur,K.P.SHANKAR,Dravida Munetra Kazhagam,306005,199996,65.36 %,37661,18.8%
Dr.Radhakrishnan Nagar,11,GEN,Chennai,EBENEZER. J.J. (@) JOHN EBENEZER.J,Dravida Munetra Kazhagam,262980,187027,71.12 %,42479,22.7%
Perambur,12,GEN,Chennai,SHEKAR. R.D,Dravida Munetra Kazhagam,315942,200387,63.43 %,54976,27.4%
Kolathur,13,GEN,Chennai,M.K. STALIN,Dravida Munetra Kazhagam,281197,173388,61.66 %,70384,40.6%
Villivakkam,14,GEN,Chennai,A . Vetriazhagan,Dravida Munetra Kazhagam,255328,144092,56.43 %,37237,25.8%
Thiru-Vi-Ka-Nagar,15,SC,Chennai,SIVAKUMAR.P ALIAS THAYAGAMKAVI,Dravida Munetra Kazhagam,219438,133696,60.93 %,55013,41.1%
Egmore,16,SC,Chennai,I.PARANTHAMEN,Dravida Munetra Kazhagam,193162,119271,61.75 %,38768,32.5%
Royapuram,17,GEN,Chennai,MURTHY.R.IDREAM,Dravida Munetra Kazhagam,192635,121191,62.91 %,27779,22.9%
Harbour,18,GEN,Chennai,SEKARBABU. P.K,Dravida Munetra Kazhagam,175785,101650,57.83 %,27274,26.8%
Chepauk-Thiruvallikeni,19,GEN,Chennai,UDHAYANIDHI STALIN,Dravida Munetra Kazhagam,234067,137405,58.7 %,69355,50.5%
Thousand Lights,20,GEN,Chennai,EZHILAN N,Dravida Munetra Kazhagam,240096,135940,56.62 %,32462,23.9%
Anna Nagar,21,GEN,Chennai,M.K. Mohan,Dravida Munetra Kazhagam,286090,165096,57.71 %,27445,16.6%
Virugampakkam,22,GEN,Chennai,AMV.PRABHAKARA RAJA,Dravida Munetra Kazhagam,291691,169087,57.97 %,18367,10.9%
Saidapet,23,GEN,Chennai,SUBRAMANIAN. MA,Dravida Munetra Kazhagam,279033,160327,57.46 %,29408,18.3%
Thiyagarayanagar,24,GEN,Chennai,KARUNANITHI J,Dravida Munetra Kazhagam,245040,138114,56.36 %,137,0.1%
Mylapore,25,GEN,Chennai,VELU.DHA,Dravida Munetra Kazhagam,270568,153430,56.71 %,12633,8.2%
Velachery,26,GEN,Chennai,JMH.AASSAN MAULAANA,Indian National Congress,314578,176714,56.17 %,4352,2.5%
Shozhinganallur,27,GEN,Kancheepuram,S.ARAVINDRAMESH,Dravida Munetra Kazhagam,698893,388355,55.57 %,35405,9.1%
Alandur,28,GEN,Kancheepuram,T.M.Anbarasan,Dravida Munetra Kazhagam,389118,237751,61.1 %,40571,17.1%
Sriperumbudur,29,SC,Kancheepuram,SELVAPERUNTHAGAI,Indian National Congress,355267,264262,74.38 %,10879,4.1%
Pallavaram,30,GEN,Kancheepuram,KARUNANITHI,Dravida Munetra Kazhagam,436239,266190,61.02 %,37783,14.2%
Tambaram,31,GEN,Kancheepuram,Raja.S.R,Dravida Munetra Kazhagam,415663,248968,59.9 %,36824,14.8%
Chengalpattu,32,GEN,Kancheepuram,VARALAKSHMI.M,Dravida Munetra Kazhagam,428440,274087,63.97 %,26665,9.7%
Thiruporur,33,GEN,Kancheepuram,S.S.Balaji,Viduthalai Chiruthaigal Katchi,294620,226729,76.96 %,1947,0.9%
Cheyyur,34,SC,Kancheepuram,Babu M,Viduthalai Chiruthaigal Katchi,227468,179120,78.75 %,4042,2.3%
Madurantakam,35,SC,Kancheepuram,Maragatham. K,All India Anna Dravida Munnetra Kazhagam,226715,185842,81.97 %,3570,1.9%
Uthiramerur,36,GEN,Kancheepuram,SUNDAR K,Dravida Munetra Kazhagam,260462,210529,80.83 %,1622,0.8%
Kancheepuram,37,GEN,Kancheepuram,C.V.M.P. Ezhailzrasan,Dravida Munetra Kazhagam,309192,229430,74.2 %,11595,5.1%
Arakkonam,38,SC,Vellore,S.RAVI,All India Anna Dravida Munnetra Kazhagam,227320,171412,75.41 %,27169,15.9%
Sholinghur,39,GEN,Vellore,A.M.MUNIRATHINAM,Indian National Congress,278034,224109,80.6 %,26698,11.9%
Katpadi,40,GEN,Vellore,DURAIMURUGAN,Dravida Munetra Kazhagam,250228,186246,74.43 %,746,0.4%
Ranipet,41,GEN,Vellore,R.GANDHI,Dravida Munetra Kazhagam,267260,207462,77.63 %,16498,8.0%
Arcot,42,GEN,Vellore,J.L.Eswarappan,Dravida Munetra Kazhagam,262476,209791,79.93 %,19958,9.5%
Vellore,43,GEN,Vellore,Karthikeyan .P,Dravida Munetra Kazhagam,253536,179899,70.96 %,9181,5.1%
Anaikattu,44,GEN,Vellore,A.P.Nandakumar,Dravida Munetra Kazhagam,256727,197805,77.05 %,6360,3.2%
Kilvaithinankuppam,45,SC,Vellore,M.JAGAN MOORTHY,All India Anna Dravida Munnetra Kazhagam,227241,174124,76.63 %,10582,6.1%
Gudiyattam,46,SC,Vellore,Amulu.V,Dravida Munetra Kazhagam,290135,211630,72.94 %,6901,3.3%
Vaniyambadi,47,GEN,Vellore,G.SENDHIL KUMAR,All India Anna Dravida Munnetra Kazhagam,250220,189997,75.93 %,4904,2.6%
Ambur,48,GEN,Vellore,VILWANATHAN.A.C,Dravida Munetra Kazhagam,238473,177878,74.59 %,20232,11.4%
Jolarpet,49,GEN,Vellore,DEVARAJI.K.,Dravida Munetra Kazhagam,240869,196358,81.52 %,1091,0.6%
Tirupattur,50,GEN,Vellore,A. NALLATHAMBI,Dravida Munetra Kazhagam,239239,185930,77.72 %,28240,15.2%
Uthangarai,51,SC,Krishnagiri,T.M.TAMILSELVAM,All India Anna Dravida Munnetra Kazhagam,238299,188223,78.99 %,28387,15.1%
Bargur,52,GEN,Krishnagiri,MATHIAZHAGAN D,Dravida Munetra Kazhagam,248335,197784,79.64 %,12614,6.4%
Krishnagiri,53,GEN,Krishnagiri,Ashokkumar.K,All India Anna Dravida Munnetra Kazhagam,268189,211648,78.92 %,794,0.4%
Veppanahalli,54,GEN,Krishnagiri,K.P.Munusamy,All India Anna Dravida Munnetra Kazhagam,252085,205141,81.38 %,3054,1.5%
Hosur,55,GEN,Krishnagiri,PRAKAASH Y,Dravida Munetra Kazhagam,351771,248098,70.53 %,12367,5.0%
Thalli,56,GEN,Krishnagiri,RAMACHANDRAN.T,Communist Party Of India,251215,194022,77.23 %,56226,29.0%
Palacode,57,GEN,Dharmapuri,ANBALAGAN.K.P.,All India Anna Dravida Munnetra Kazhagam,237391,206595,87.03 %,28100,13.6%
Pennagaram,58,GEN,Dharmapuri,MANI. G.K,Pattali Makkal Katchi,246772,210305,85.22 %,21186,10.1%
Dharmapuri,59,GEN,Dharmapuri,VENKATESHWARAN.S.P.,Pattali Makkal Katchi,269773,217333,80.56 %,26860,12.4%
Pappireddipatti,60,GEN,Dharmapuri,GOVINDASAMY.A,All India Anna Dravida Munnetra Kazhagam,265487,220994,83.24 %,36943,16.7%
Harur,61,SC,Dharmapuri,SAMPATHKUMAR.V,All India Anna Dravida Munnetra Kazhagam,250120,198565,79.39 %,30362,15.3%
Chengam,62,SC,Tiruvannamalai,GIRI.M.P,Dravida Munetra Kazhagam,275419,223950,81.31 %,11570,5.2%
Tiruvannamalai,63,GEN,Tiruvannamalai,E V VELU,Dravida Munetra Kazhagam,286589,208836,72.87 %,94673,45.3%
Kilpennathur,64,GEN,Tiruvannamalai,K.Pitchandi,Dravida Munetra Kazhagam,253562,203886,80.41 %,26787,13.1%
Kalasapakkam,65,GEN,Tiruvannamalai,Saravanan.P.S.T,Dravida Munetra Kazhagam,243655,196434,80.62 %,9222,4.7%
Polur,66,GEN,Tiruvannamalai,Agri KRISHNAMURTHY. S S,All India Anna Dravida Munnetra Kazhagam,245195,202012,82.39 %,9725,4.8%
Arani,67,GEN,Tiruvannamalai,SEVOOR RAMACHANDRAN. S,All India Anna Dravida Munnetra Kazhagam,277727,221422,79.73 %,3128,1.4%
Cheyyar,68,GEN,Tiruvannamalai,JOTHI. O,Dravida Munetra Kazhagam,259890,214460,82.52 %,12271,5.7%
Vandavasi,69,SC,Tiruvannamalai,Ambethkumar S,Dravida Munetra Kazhagam,240654,185974,77.28 %,35953,19.3%
Gingee,70,GEN,Viluppuram,MASTHAN K S,Dravida Munetra Kazhagam,261167,206880,79.21 %,35803,17.3%
Mailam,71,GEN,Viluppuram,SIVAKUMAR C,Pattali Makkal Katchi,220324,176989,80.33 %,2230,1.3%
Tindivanam,72,SC,Viluppuram,ARJUNAN P,All India Anna Dravida Munnetra Kazhagam,230570,182538,79.17 %,9753,5.3%
Vanur,73,SC,Viluppuram,CHAKRAPANI M,All India Anna Dravida Munnetra Kazhagam,226608,182208,80.41 %,21727,11.9%
Villupuram,74,GEN,Viluppuram,LAKSHMANAN R,Dravida Munetra Kazhagam,262175,204860,78.14 %,14868,7.3%
Vikravandi,75,GEN,Viluppuram,PUGAZHENTHI N,Dravida Munetra Kazhagam,234841,193617,82.45 %,9573,4.9%
Tirukkoyilur,76,GEN,Viluppuram,K.PONMUDY,Dravida Munetra Kazhagam,254716,196217,77.03 %,59680,30.4%
Ulundurpettai,77,GEN,Viluppuram,MANIKANNAN. A.J,Dravida Munetra Kazhagam,293464,244853,83.44 %,5256,2.1%
Rishivandiyam,78,GEN,Viluppuram,KARTHIKEYAN K,Dravida Munetra Kazhagam,268323,215106,80.17 %,41728,19.4%
Sankarapuram,79,GEN,Viluppuram,UDHAYASURIYAN T,Dravida Munetra Kazhagam,268594,215802,80.35 %,45963,21.3%
Kallakurichi,80,SC,Viluppuram,Senthilkumar.M,All India Anna Dravida Munnetra Kazhagam,286621,225858,78.8 %,25891,11.5%
Gangavalli,81,SC,Salem,"NALLATHAMBI,A.",All India Anna Dravida Munnetra Kazhagam,239024,186503,78.03 %,7361,3.9%
Attur,82,SC,Salem,"JAYASANKARAN, A.P.",All India Anna Dravida Munnetra Kazhagam,254705,199743,78.42 %,8257,4.1%
Yercaud,83,ST,Salem,G. Chitra,All India Anna Dravida Munnetra Kazhagam,284029,238924,84.12 %,25955,10.9%
Omalur,84,GEN,Salem,R.MANI,All India Anna Dravida Munnetra Kazhagam,296192,249027,84.08 %,55294,22.2%
Mettur,85,GEN,Salem,SADHASIVAM.S,Pattali Makkal Katchi,286849,218442,76.15 %,656,0.3%
Edappadi,86,GEN,Salem,EDAPPADI PALANISWAMI. K,All India Anna Dravida Munnetra Kazhagam,285298,247301,86.68 %,93802,37.9%
Sankari,87,GEN,Salem,"SUNDARARAJAN, S.",All India Anna Dravida Munnetra Kazhagam,274307,232247,84.67 %,20045,8.6%
Salem (West),88,GEN,Salem,ARUL. R,Pattali Makkal Katchi,299693,216628,72.28 %,21499,9.9%
Salem (North),89,GEN,Salem,R. RAJENDRAN,Dravida Munetra Kazhagam,276022,202376,73.32 %,7588,3.7%
Salem (South),90,GEN,Salem,E.BALASUBRAMANIAN,All India Anna Dravida Munnetra Kazhagam,260403,199982,76.8 %,22609,11.3%
Veerapandi,91,GEN,Salem,"RAJAMUTHU, M.",All India Anna Dravida Munnetra Kazhagam,260064,223702,86.02 %,19895,8.9%
Rasipuram,92,SC,Namakkal,MATHIVENTHAN M,Dravida Munetra Kazhagam,236580,196904,83.23 %,1952,1.0%
Senthamangalam,93,ST,Namakkal,PONNUSAMY K,Dravida Munetra Kazhagam,243556,199235,81.8 %,10493,5.3%
Namakkal,94,GEN,Namakkal,RAMALINGAM P,Dravida Munetra Kazhagam,257854,206759,80.18 %,27861,13.5%
Paramathi-Velur,95,GEN,Namakkal,SEKAR S,All India Anna Dravida Munnetra Kazhagam,221664,183697,82.87 %,7662,4.2%
Tiruchengodu,96,GEN,Namakkal,ESWARAN E R,Dravida Munetra Kazhagam,231133,184669,79.9 %,2862,1.5%
Kumarapalayam,97,GEN,Namakkal,THANGAMANI.P,All India Anna Dravida Munnetra Kazhagam,254468,201925,79.35 %,31646,15.7%
Erode (East),98,GEN,Erode,"THIRUMAHAN EVERAA,E.",Indian National Congress,228425,152037,66.56 %,8904,5.9%
Erode (West),99,GEN,Erode,Muthusamy S,Dravida Munetra Kazhagam,293099,205579,70.14 %,22089,10.7%
Modakkurichi,100,GEN,Erode,SARASWATHI.C,Bharatiya Janta Party,238932,181857,76.11 %,281,0.2%
Dharapuram,101,SC,Erode,KAYALVIZHI N,Dravida Munetra Kazhagam,258581,193991,75.02 %,1393,0.7%
Kangayam,102,GEN,Erode,SAMINATHAN.M.P,Dravida Munetra Kazhagam,257190,199818,77.69 %,7331,3.7%
Perundurai,103,GEN,Erode,"JAYAKUMAR, S.",All India Anna Dravida Munnetra Kazhagam,227887,189843,83.31 %,14507,7.6%
Bhavani,104,GEN,Erode,KARUPPANAN.K.C,All India Anna Dravida Munnetra Kazhagam,238721,201385,84.36 %,22523,11.2%
Anthiyur,105,GEN,Erode,VENKATACHALAM.A.G,Dravida Munetra Kazhagam,219615,176385,80.32 %,1275,0.7%
Gobichettipalayam,106,GEN,Erode,SENGOTTAIYAN K.A,All India Anna Dravida Munnetra Kazhagam,256363,214281,83.58 %,28563,13.3%
Bhavanisagar,107,SC,Erode,A.Bannari,All India Anna Dravida Munnetra Kazhagam,260249,200567,77.07 %,16008,8.0%
Udhagamandalam,108,GEN,The Nilgiris,"GANESH, R.",Indian National Congress,206039,141102,68.48 %,5348,3.8%
Gudalur,109,SC,The Nilgiris,PON.JAYASEELAN,All India Anna Dravida Munnetra Kazhagam,189221,138257,73.07 %,1945,1.4%
Coonoor,110,GEN,The Nilgiris,"Ramachandran, K.",Dravida Munetra Kazhagam,192118,135908,70.74 %,4105,3.0%
Mettuppalayam,111,GEN,Coimbatore,SELVARAJ A K,All India Anna Dravida Munnetra Kazhagam,296937,225083,75.8 %,2456,1.1%
Avanashi,112,SC,Coimbatore,"DHANAPAL, P",All India Anna Dravida Munnetra Kazhagam,280560,212627,75.79 %,50902,23.9%
Tiruppur (North),113,GEN,Coimbatore,VIJEYAKUMAR.K.N,All India Anna Dravida Munnetra Kazhagam,379139,238092,62.8 %,40102,16.8%
Tiruppur (South),114,GEN,Coimbatore,SELVARAJ. K.,Dravida Munetra Kazhagam,276483,174418,63.08 %,4709,2.7%
Palladam,115,GEN,Coimbatore,ANANDAN M S M,All India Anna Dravida Munnetra Kazhagam,389786,261511,67.09 %,32691,12.5%
Sulur,116,GEN,Coimbatore,KANDASAMY V.P.,All India Anna Dravida Munnetra Kazhagam,317223,241653,76.18 %,31932,13.2%
Kavundampalayam,117,GEN,Coimbatore,G.Arunkumar,All India Anna Dravida Munnetra Kazhagam,465345,309918,66.6 %,9776,3.2%
Coimbatore (North),118,GEN,Coimbatore,AMMAN K.ARJUNAN,All India Anna Dravida Munnetra Kazhagam,338712,202799,59.87 %,4001,2.0%
Thondamuthur,119,GEN,Coimbatore,S.P. VELUMANI,All India Anna Dravida Munnetra Kazhagam,326828,230531,70.54 %,41630,18.1%
Coimbatore (South),120,GEN,Coimbatore,VANATHI SRINIVASAN,Bharatiya Janta Party,252790,154765,61.22 %,1728,1.1%
Singanallur,121,GEN,Coimbatore,"Jayaram, K.R",All India Anna Dravida Munnetra Kazhagam,325289,202021,62.11 %,10854,5.4%
Kinathukadavu,122,GEN,Coimbatore,Damodaran.S,All India Anna Dravida Munnetra Kazhagam,326920,232435,71.1 %,1095,0.5%
Pollachi,123,GEN,Coimbatore,Pollachi V. Jayaraman,All India Anna Dravida Munnetra Kazhagam,227093,177308,78.08 %,1725,1.0%
Valparai,124,SC,Coimbatore,AMULKANDASAMI T K,All India Anna Dravida Munnetra Kazhagam,205530,145172,70.63 %,12223,8.4%
Udumalaipettai,125,GEN,Coimbatore,"Radhakrishnan,K.",All India Anna Dravida Munnetra Kazhagam,269760,194358,72.05 %,21895,11.3%
Madathukulam,126,GEN,Coimbatore,C MAHENDRAN,All India Anna Dravida Munnetra Kazhagam,248501,181902,73.2 %,6438,3.5%
Palani,127,GEN,Dindigul,SENTHIL KUMAR I.P,Dravida Munetra Kazhagam,277298,205384,74.07 %,30056,14.6%
Oddanchatram,128,GEN,Dindigul,SAKKARAPANI R,Dravida Munetra Kazhagam,241240,201756,83.63 %,28742,14.2%
Athoor,129,GEN,Dindigul,PERIYASAMY I,Dravida Munetra Kazhagam,291955,229940,78.76 %,135571,59.0%
Nilakkottai,130,SC,Dindigul,S.Thenmozhi,All India Anna Dravida Munnetra Kazhagam,244534,184805,75.57 %,27618,14.9%
Natham,131,GEN,Dindigul,NATHAM.R.VISWANATHAN,All India Anna Dravida Munnetra Kazhagam,283531,225244,79.44 %,11932,5.3%
Dindigul,132,GEN,Dindigul,SREENIVASAN.C,All India Anna Dravida Munnetra Kazhagam,276820,195118,70.49 %,17747,9.1%
Vedasandur,133,GEN,Dindigul,GANDHIRAJAN S,Dravida Munetra Kazhagam,263561,213080,80.85 %,17553,8.2%
Aravakurichi,134,GEN,Karur,ELANGO. R,Dravida Munetra Kazhagam,213969,177114,82.78 %,24816,14.0%
Karur,135,GEN,Karur,SENTHILBALAJI V,Dravida Munetra Kazhagam,245356,207310,84.49 %,12448,6.0%
Krishnarayapuram,136,SC,Karur,SIVAGAMA SUNDARI.K,Dravida Munetra Kazhagam,213056,180902,84.91 %,31625,17.5%
Kulithalai,137,GEN,Tiruchirappalli,R.Manickam,Dravida Munetra Kazhagam,227279,197456,86.88 %,23540,11.9%
Manapparai,138,GEN,Tiruchirappalli,ABDUL SAMAD P,Dravida Munetra Kazhagam,289713,221748,76.54 %,12243,5.5%
Srirangam,139,GEN,Tiruchirappalli,Palaniyandi.M,Dravida Munetra Kazhagam,311716,240240,77.07 %,19915,8.3%
Tiruchirappalli (West),140,GEN,Tiruchirappalli,"Nehru, K.N.",Dravida Munetra Kazhagam,269194,183099,68.02 %,85109,46.5%
Tiruchirappalli (East),141,GEN,Tiruchirappalli,"INIGO IRUDAYARAJ,S.",Dravida Munetra Kazhagam,255051,172856,67.77 %,53797,31.1%
Thiruverumbur,142,GEN,Tiruchirappalli,ANBIL MAHESH POYYAMOZHI,Dravida Munetra Kazhagam,293196,197013,67.19 %,49697,25.2%
Lalgudi,143,GEN,Tiruchirappalli,A.SOUNDARAPANDIAN,Dravida Munetra Kazhagam,218131,174754,80.11 %,16949,9.7%
Manachanallur,144,GEN,Tiruchirappalli,S. KATHIRAVAN,Dravida Munetra Kazhagam,244202,196719,80.56 %,59618,30.3%
Musiri,145,GEN,Tiruchirappalli,N. Thiyagarajan,Dravida Munetra Kazhagam,232654,179706,77.24 %,26836,14.9%
Thuraiyur,146,SC,Tiruchirappalli,S.STALINKUMAR,Dravida Munetra Kazhagam,226152,175876,77.77 %,22071,12.5%
Perambalur,147,SC,Perambalur,"PRABHAHARAN, M.",Dravida Munetra Kazhagam,302758,240026,79.28 %,31034,12.9%
Kunnam,148,GEN,Perambalur,"SIVASANKAR, S.S.",Dravida Munetra Kazhagam,273526,219879,80.39 %,6329,2.9%
Ariyalur,149,GEN,Perambalur,CHINNAPPA K,Dravida Munetra Kazhagam,264971,225225,85.0 %,3234,1.4%
Jayankondam,150,GEN,Perambalur,KANNAN KA SO KA,Dravida Munetra Kazhagam,266741,216368,81.12 %,5452,2.5%
Tittakudi,151,SC,Cuddalore,"GANESAN, C.V.",Dravida Munetra Kazhagam,219415,168184,76.65 %,21563,12.8%
Vriddhachalam,152,GEN,Cuddalore,Radhakrishnan,Indian National Congress,252911,196734,77.79 %,862,0.4%
Neyveli,153,GEN,Cuddalore,SABA.RAJENDRAN,Dravida Munetra Kazhagam,218666,164130,75.06 %,977,0.6%
Panruti,154,GEN,Cuddalore,VELMURUGAN.T,Dravida Munetra Kazhagam,245530,197049,80.25 %,4697,2.4%
Cuddalore,155,GEN,Cuddalore,G.IYAPPAN,Dravida Munetra Kazhagam,239474,182001,76.0 %,5151,2.8%
Kurinjipadi,156,GEN,Cuddalore,M.R.K.PANNEERSELVAM,Dravida Munetra Kazhagam,243269,198781,81.71 %,17527,8.8%
Bhuvanagiri,157,GEN,Cuddalore,Arunmozhithevan. A,All India Anna Dravida Munnetra Kazhagam,248629,197165,79.3 %,8259,4.2%
Chidambaram,158,GEN,Cuddalore,K.A. PANDIAN,All India Anna Dravida Munnetra Kazhagam,251100,183352,73.02 %,16937,9.2%
Kattumannarkoil,159,SC,Cuddalore,SINTHANAI SELVAN,Viduthalai Chiruthaigal Katchi,229154,175561,76.61 %,10565,6.0%
Sirkazhi,160,SC,Nagapattinam,PANNEERSELVAM.M,Dravida Munetra Kazhagam,252621,191325,75.74 %,12148,6.3%
Mayiladuthurai,161,GEN,Nagapattinam,Rajakumar.S,Indian National Congress,246064,174640,70.97 %,2742,1.6%
Poompuhar,162,GEN,Nagapattinam,Nivedha M. Murugan,Dravida Munetra Kazhagam,275903,207838,75.33 %,3299,1.6%
Nagapattinam,163,GEN,Nagapattinam,J. Mohamed Shanavas,Viduthalai Chiruthaigal Katchi,197960,143560,72.52 %,7238,5.0%
Kilvelur,164,SC,Nagapattinam,NAGAIMAALI V P,Communist Party Of India (Marxist),178764,142995,79.99 %,16985,11.9%
Vedaranyam,165,GEN,Nagapattinam,O.S.MANIAN,All India Anna Dravida Munnetra Kazhagam,192770,158060,81.99 %,12329,7.8%
Thiruthuraipoondi,166,SC,Thiruvarur,MARIMUTHU K,Communist Party Of India,240072,185886,77.43 %,30068,16.2%
Mannargudi,167,GEN,Thiruvarur,RAJAA T R B,Dravida Munetra Kazhagam,260042,193229,74.31 %,37393,19.4%
Thiruvarur,168,GEN,Thiruvarur,KALAIVANAN POONDI K.,Dravida Munetra Kazhagam,282708,208290,73.68 %,51174,24.6%
Nannilam,169,GEN,Thiruvarur,KAMARAJ R,All India Anna Dravida Munnetra Kazhagam,272305,221944,81.51 %,4424,2.0%
Thiruvidaimarudur,170,SC,Thanjavur,"CHEZHIAAN, GOVI.",Dravida Munetra Kazhagam,259518,198446,76.47 %,10680,5.4%
Kumbakonam,171,GEN,Thanjavur,"ANBALAGAN, G.",Dravida Munetra Kazhagam,273097,197564,72.34 %,21383,10.8%
Papanasam,172,GEN,Thanjavur,"Dr.JAWAHIRULLAH, M.H.",Dravida Munetra Kazhagam,260941,196982,75.49 %,16273,8.3%
Thiruvaiyaru,173,GEN,Thanjavur,DURAI.CHANDRASEKARAN,Dravida Munetra Kazhagam,268590,211430,78.72 %,53650,25.4%
Thanjavur,174,GEN,Thanjavur,"NEELAMEGAM, T.K.G.",Dravida Munetra Kazhagam,290936,194859,66.98 %,47149,24.2%
Orathanadu,175,GEN,Thanjavur,"VAITHILINGAM, R.",All India Anna Dravida Munnetra Kazhagam,243747,191840,78.7 %,28835,15.0%
Pattukkottai,176,GEN,Thanjavur,"ANNADURAI, K.",Dravida Munetra Kazhagam,245863,177200,72.07 %,25269,14.3%
Peravurani,177,GEN,Thanjavur,"ASHOKKUMAR, N.",Dravida Munetra Kazhagam,220162,170850,77.6 %,23503,13.8%
Gandarvakkottai,178,SC,Pudukkottai,M.Chinnadurai,Communist Party Of India (Marxist),201607,157620,78.18 %,12721,8.1%
Viralimalai,179,GEN,Pudukkottai,VIJAYA BASKER C,All India Anna Dravida Munnetra Kazhagam,225189,193423,85.89 %,23598,12.2%
Pudukkottai,180,GEN,Pudukkottai,V . MUTHURAJA,Dravida Munetra Kazhagam,244029,179892,73.72 %,13001,7.2%
Thirumayam,181,GEN,Pudukkottai,S.REGUPATHY,Dravida Munetra Kazhagam,227883,174031,76.37 %,1382,0.8%
Alangudi,182,GEN,Pudukkottai,SIVA.V.MEYYANATHAN,Dravida Munetra Kazhagam,217344,171842,79.06 %,25847,15.0%
Aranthangi,183,GEN,Pudukkottai,RAMACHANDRAN T,Indian National Congress,237024,168048,70.9 %,30893,18.4%
Karaikudi,184,GEN,Sivaganga,S.Mangudi,Indian National Congress,317276,212456,66.96 %,21589,10.2%
Tiruppattur,185,GEN,Sivaganga,KR.PERIYAKARUPPAN,Dravida Munetra Kazhagam,291771,210766,72.24 %,37374,17.7%
Sivaganga,186,GEN,Sivaganga,PR. Senthilnathan,All India Anna Dravida Munnetra Kazhagam,301163,202044,67.09 %,11253,5.6%
Manamadurai,187,SC,Sivaganga,Tamilarasi A.,Dravida Munetra Kazhagam,278605,203061,72.88 %,14091,6.9%
Melur,188,GEN,Madurai,PERIYAPULLAN @ SELVAM P.,All India Anna Dravida Munnetra Kazhagam,244996,182782,74.61 %,35162,19.2%
Madurai East,189,GEN,Madurai,MOORTHY P,Dravida Munetra Kazhagam,329209,237892,72.26 %,49604,20.9%
Sholavandan,190,SC,Madurai,VENKATESAN A,Dravida Munetra Kazhagam,218730,175361,80.17 %,17045,9.7%
Madurai North,191,GEN,Madurai,THALAPATHI G,Dravida Munetra Kazhagam,243596,156556,64.27 %,22916,14.6%
Madurai South,192,GEN,Madurai,BOOMINATHAN.M,Dravida Munetra Kazhagam,230133,147833,64.24 %,6515,4.4%
Madurai Central,193,GEN,Madurai,PALANIVEL THIAGA RAJAN,Dravida Munetra Kazhagam,241913,149430,61.77 %,34176,22.9%
Madurai West,194,GEN,Madurai,RAJU. K,All India Anna Dravida Munnetra Kazhagam,307141,201694,65.67 %,9121,4.5%
Thiruparankundram,195,GEN,Madurai,"RAJANCHELLAPPA, V.V.",All India Anna Dravida Munnetra Kazhagam,321501,235849,73.36 %,29489,12.5%
Thirumangalam,196,GEN,Madurai,UDHAYAKUMAR R B,All India Anna Dravida Munnetra Kazhagam,279598,220495,78.86 %,14087,6.4%
Usilampatti,197,GEN,Madurai,AYYAPPAN P,All India Anna Dravida Munnetra Kazhagam,286453,212513,74.19 %,7477,3.5%
Andipatti,198,GEN,Theni,A.MAHARAJAN,Dravida Munetra Kazhagam,278344,209540,75.28 %,8538,4.1%
Periyakulam,199,SC,Theni,K.S.SARAVANAKUMAAR,Dravida Munetra Kazhagam,285471,201797,70.69 %,21321,10.6%
Bodinayakanur,200,GEN,Theni,O.PANNEERSELVAM,All India Anna Dravida Munnetra Kazhagam,278815,214795,77.04 %,11021,5.1%
Cumbum,201,GEN,Theni,N.Eramakrishnan,Dravida Munetra Kazhagam,288262,202275,70.17 %,42413,21.0%
Rajapalayam,202,GEN,Virudhunagar,THANGAPANDIAN S.,Dravida Munetra Kazhagam,239461,178708,74.63 %,3898,2.2%
Srivilliputhur,203,SC,Virudhunagar,"MANRAJ, E.M.",All India Anna Dravida Munnetra Kazhagam,250640,185039,73.83 %,12738,6.9%
Sattur,204,GEN,Virudhunagar,"RAGHURAMAN, A.R.R.",Dravida Munetra Kazhagam,253363,191783,75.69 %,11179,5.8%
Sivakasi,205,GEN,Virudhunagar,Ashokan.G,Indian National Congress,261809,185047,70.68 %,17319,9.4%
Virudhunagar,206,GEN,Virudhunagar,SEENIVASAN A.R.R,Dravida Munetra Kazhagam,224099,161717,72.16 %,21339,13.2%
Aruppukkottai,207,GEN,Virudhunagar,K.K.S.S.R.RAMACHANDRAN,Dravida Munetra Kazhagam,223820,171201,76.49 %,39034,22.8%
Tiruchuli,208,GEN,Virudhunagar,THANGAM THENARASU,Dravida Munetra Kazhagam,221421,172811,78.05 %,60992,35.3%
Paramakudi,209,SC,Ramanathapuram,MURUGESAN S,Dravida Munetra Kazhagam,256158,182158,71.11 %,13285,7.3%
Tiruvadanai,210,GEN,Ramanathapuram,RM.KARUMANIKAM,Indian National Congress,291236,201815,69.3 %,13852,6.9%
Ramanathapuram,211,GEN,Ramanathapuram,KATHARBATCHA MUTHURAMALINGAM,Dravida Munetra Kazhagam,308443,214098,69.41 %,50312,23.5%
Mudhukulathur,212,GEN,Ramanathapuram,R.S.RAJAKANNAPPAN,Dravida Munetra Kazhagam,310954,221196,71.13 %,20721,9.4%
Vilathikulam,213,GEN,Thoothukkudi,MARKANDAYAN V,Dravida Munetra Kazhagam,216923,167169,77.06 %,38549,23.1%
Thoothukkudi,214,GEN,Thoothukkudi,P.Geetha Jeevan,Dravida Munetra Kazhagam,285497,188407,65.99 %,50310,26.7%
Tiruchendur,215,GEN,Thoothukkudi,Anitha R. Radhakrishnan,Dravida Munetra Kazhagam,245144,174536,71.2 %,25263,14.5%
Srivaikuntam,216,GEN,Thoothukkudi,Oorvasi Amirtharaj .S,Indian National Congress,224689,164386,73.16 %,17372,10.6%
Ottapidaram,217,SC,Thoothukkudi,SHUNMUGAIAH M C,Dravida Munetra Kazhagam,251597,177840,70.68 %,8510,4.8%
Kovilpatti,218,GEN,Thoothukkudi,KADAMBUR RAJU,All India Anna Dravida Munnetra Kazhagam,266625,180928,67.86 %,12403,6.9%
Sankarankovil,219,SC,Tirunelveli,RAJA E,Dravida Munetra Kazhagam,254243,183338,72.11 %,5297,2.9%
Vasudevanallur,220,SC,Tirunelveli,"SADHAN THIRUMALAIKUMAR, DOCTOR.T",Dravida Munetra Kazhagam,241748,175881,72.75 %,2367,1.3%
Kadayanallur,221,GEN,Tirunelveli,C.KRISHNAMURALI,All India Anna Dravida Munnetra Kazhagam,290432,205374,70.71 %,24349,11.9%
Tenkasi,222,GEN,Tirunelveli,PALANI NADAR.S,Indian National Congress,292538,214108,73.19 %,370,0.2%
Alangulam,223,GEN,Tirunelveli,PAUL MANOJ PANDIAN,All India Anna Dravida Munnetra Kazhagam,260688,203478,78.05 %,3539,1.7%
Tirunelveli,224,GEN,Tirunelveli,Nainar Nagenthran,Bharatiya Janta Party,292411,197587,67.57 %,23107,11.7%
Ambasamudram,225,GEN,Tirunelveli,ESAKKI SUBAYA,All India Anna Dravida Munnetra Kazhagam,245003,177681,72.52 %,16915,9.5%
Palayamkottai,226,GEN,Tirunelveli,ABDUL WAHAB .M,Dravida Munetra Kazhagam,273557,161091,58.89 %,52141,32.4%
Nanguneri,227,GEN,Tirunelveli,RUBY R MANOHARAN,Indian National Congress,277865,192522,69.29 %,16486,8.6%
Radhapuram,228,GEN,Tirunelveli,M.Appavu,Dravida Munetra Kazhagam,270760,187310,69.18 %,5925,3.2%
Kanniyakumari,229,GEN,Kanniyakumari,THALAVAI SUNDARAM N.,All India Anna Dravida Munnetra Kazhagam,293657,225121,76.66 %,16210,7.2%
Nagercoil,230,GEN,Kanniyakumari,Gandhi M.R.,Bharatiya Janta Party,270845,184185,68.0 %,11669,6.3%
Colachal,231,GEN,Kanniyakumari,Prince J.G.,Indian National Congress,269287,182969,67.95 %,24832,13.6%
Padmanabhapuram,232,GEN,Kanniyakumari,"Mano Thangaraj, T.",Dravida Munetra Kazhagam,240853,170156,70.65 %,26885,15.8%
Vilavancode,233,GEN,Kanniyakumari,VIJAYADHARANI S,Indian National Congress,250065,167836,67.12 %,28669,17.1%
Killiyoor,234,GEN,Kanniyakumari,RAJESH KUMAR S,Indian National Congress,255347,169918,66.54 %,55400,32.6%
